{
  "project_info": {
    "project_number": "1045906632827",
    "firebase_url": "https://smarthouseiot-261017.firebaseio.com",
    "project_id": "smarthouseiot-261017",
    "storage_bucket": "smarthouseiot-261017.appspot.com"
  },
  "client": [
    {
      "client_info": {
        "mobilesdk_app_id": "1:1045906632827:android:d68d585aa36ab0879632de",
        "android_client_info": {
          "package_name": "com.example.iot_hes.iotlab"
        }
      },
      "oauth_client": [
        {
          "client_id": "1045906632827-044i4jdsb5q6nttcq8l139rcq5jdj5if.apps.googleusercontent.com",
          "client_type": 3
        }
      ],
      "api_key": [
        {
          "current_key": "AIzaSyAgHYO3cI4OwBce_yHdGD0d6h6LmuE-JAw"
        }
      ],
      "services": {
        "appinvite_service": {
          "other_platform_oauth_client": [
            {
              "client_id": "1045906632827-044i4jdsb5q6nttcq8l139rcq5jdj5if.apps.googleusercontent.com",
              "client_type": 3
            }
          ]
        }
      }
    },
    {
      "client_info": {
        "mobilesdk_app_id": "1:1045906632827:android:01eb7c7667fbf8b59632de",
        "android_client_info": {
          "package_name": "com.example.smarthouseiotmobile"
        }
      },
      "oauth_client": [
        {
          "client_id": "1045906632827-044i4jdsb5q6nttcq8l139rcq5jdj5if.apps.googleusercontent.com",
          "client_type": 3
        }
      ],
      "api_key": [
        {
          "current_key": "AIzaSyAgHYO3cI4OwBce_yHdGD0d6h6LmuE-JAw"
        }
      ],
      "services": {
        "appinvite_service": {
          "other_platform_oauth_client": [
            {
              "client_id": "1045906632827-044i4jdsb5q6nttcq8l139rcq5jdj5if.apps.googleusercontent.com",
              "client_type": 3
            }
          ]
        }
      }
    }
  ],
  "configuration_version": "1"
}